{
 "corpus_n": 23529,
 "context": "evening \u00b7 shuffle",
 "max_expansions": 15000,
 "defaults": {
  "W_DIST": 1.0,
  "W_FIT": 0.5,
  "W_DIV": 0.5,
  "W_TRANS": 0.6,
  "W_CTX": 0.4
 },
 "routes": [
  {
   "start": 22232,
   "end": 14707,
   "cos_dist": 0.7,
   "default_len": 8
  },
  {
   "start": 16098,
   "end": 21110,
   "cos_dist": 0.724,
   "default_len": 11
  },
  {
   "start": 19614,
   "end": 5298,
   "cos_dist": 0.456,
   "default_len": 6
  }
 ],
 "trans_ctx": {
  "axis_x": "W_TRANS",
  "axis_y": "W_CTX",
  "grid": [
   0.0,
   0.2,
   0.4,
   0.5,
   0.6,
   0.8,
   1.0
  ],
  "mean_edge": [
   [
    0.11150025529414864,
    0.10760337936672792,
    0.09440114720488892,
    0.09440114720488892,
    0.09460762180810194,
    0.09460762180810194,
    0.09613156875389627
   ],
   [
    0.10587026593480393,
    0.10760337936672792,
    0.0928312353120121,
    0.0928312353120121,
    0.09227172672594619,
    0.08832857820440297,
    0.09251270319072419
   ],
   [
    0.10300372301285671,
    0.10512546412278871,
    0.0928312353120121,
    0.0928312353120121,
    0.09227172672594619,
    0.08832857820440297,
    0.0874939604210011
   ],
   [
    0.10300372301285671,
    0.10512546412278871,
    0.10190027755278719,
    0.0928312353120121,
    0.09227172672594619,
    0.08832857820440297,
    0.0874939604210011
   ],
   [
    0.10300372301285671,
    0.10610548285942216,
    0.10190027755278719,
    0.0928312353120121,
    0.09227172672594619,
    0.08832857820440297,
    0.0874939604210011
   ],
   [
    0.10437236942749817,
    0.10437236942749817,
    0.09877538801630992,
    0.09877538801630992,
    0.09524414081511241,
    0.08832857820440297,
    0.09025703603438483
   ],
   [
    0.10437236942749817,
    0.10437236942749817,
    0.09849525305183904,
    0.10068939560428362,
    0.10068939560428362,
    0.09254104177610543,
    0.09446949960608729
   ]
  ],
  "genre_jump_rate": [
   [
    0.6666666666666666,
    0.6666666666666666,
    0.6777777777777777,
    0.6777777777777777,
    0.65007215007215,
    0.65007215007215,
    0.538961038961039
   ],
   [
    0.6181818181818182,
    0.6666666666666666,
    0.5904761904761905,
    0.5904761904761905,
    0.5722943722943722,
    0.538961038961039,
    0.538961038961039
   ],
   [
    0.47651515151515156,
    0.5904761904761905,
    0.5904761904761905,
    0.5904761904761905,
    0.5722943722943722,
    0.538961038961039,
    0.49350649350649345
   ],
   [
    0.47651515151515156,
    0.5904761904761905,
    0.5904761904761905,
    0.5904761904761905,
    0.5722943722943722,
    0.538961038961039,
    0.49350649350649345
   ],
   [
    0.47651515151515156,
    0.5666666666666668,
    0.5904761904761905,
    0.5904761904761905,
    0.5722943722943722,
    0.538961038961039,
    0.49350649350649345
   ],
   [
    0.5181818181818182,
    0.5181818181818182,
    0.5484848484848485,
    0.5484848484848485,
    0.45714285714285713,
    0.538961038961039,
    0.49350649350649345
   ],
   [
    0.5181818181818182,
    0.5181818181818182,
    0.43015873015873013,
    0.43015873015873013,
    0.43015873015873013,
    0.42063492063492064,
    0.3751803751803752
   ]
  ],
  "n_routes": 3
 },
 "fit_div": {
  "axis_x": "W_FIT",
  "axis_y": "W_DIV",
  "grid": [
   0.0,
   0.2,
   0.4,
   0.5,
   0.6,
   0.8,
   1.0
  ],
  "mean_edge": [
   [
    0.08846665358469939,
    0.08624862381824673,
    0.08624862381824673,
    0.08624862381824673,
    0.08624862381824673,
    0.08624862381824673,
    0.08747451272183804
   ],
   [
    0.09674624708274039,
    0.09674624708274039,
    0.09674624708274039,
    0.09674624708274039,
    0.09674624708274039,
    0.09674624708274039,
    0.09674624708274039
   ],
   [
    0.09457018270967495,
    0.09457018270967495,
    0.09457018270967495,
    0.09457018270967495,
    0.09457018270967495,
    0.09457018270967495,
    0.09457018270967495
   ],
   [
    0.10190027755278719,
    0.10190027755278719,
    0.10190027755278719,
    0.10190027755278719,
    0.10190027755278719,
    0.10190027755278719,
    0.10190027755278719
   ],
   [
    0.10512546412278871,
    0.10512546412278871,
    0.10512546412278871,
    0.10512546412278871,
    0.10512546412278871,
    0.10512546412278871,
    0.10512546412278871
   ],
   [
    0.10512546412278871,
    0.10512546412278871,
    0.10512546412278871,
    0.10512546412278871,
    0.10512546412278871,
    0.10512546412278871,
    0.10512546412278871
   ],
   [
    0.10512546412278871,
    0.10512546412278871,
    0.10512546412278871,
    0.10512546412278871,
    0.10512546412278871,
    0.10512546412278871,
    0.10512546412278871
   ]
  ],
  "genre_jump_rate": [
   [
    0.2866666666666667,
    0.26781609195402295,
    0.26781609195402295,
    0.26781609195402295,
    0.26781609195402295,
    0.26781609195402295,
    0.25632183908045975
   ],
   [
    0.3968253968253968,
    0.3968253968253968,
    0.3968253968253968,
    0.3968253968253968,
    0.3968253968253968,
    0.3968253968253968,
    0.3968253968253968
   ],
   [
    0.5722943722943722,
    0.5722943722943722,
    0.5722943722943722,
    0.5722943722943722,
    0.5722943722943722,
    0.5722943722943722,
    0.5722943722943722
   ],
   [
    0.5904761904761905,
    0.5904761904761905,
    0.5904761904761905,
    0.5904761904761905,
    0.5904761904761905,
    0.5904761904761905,
    0.5904761904761905
   ],
   [
    0.5904761904761905,
    0.5904761904761905,
    0.5904761904761905,
    0.5904761904761905,
    0.5904761904761905,
    0.5904761904761905,
    0.5904761904761905
   ],
   [
    0.5904761904761905,
    0.5904761904761905,
    0.5904761904761905,
    0.5904761904761905,
    0.5904761904761905,
    0.5904761904761905,
    0.5904761904761905
   ],
   [
    0.5904761904761905,
    0.5904761904761905,
    0.5904761904761905,
    0.5904761904761905,
    0.5904761904761905,
    0.5904761904761905,
    0.5904761904761905
   ]
  ],
  "n_routes": 3
 }
}