{
 "dataset_id": "ds-20260609-141622-p1-s42",
 "n_train": 9805,
 "n_test": 2451,
 "n_cols": 115,
 "champion": {
  "n_estimators": 500,
  "max_depth": 6,
  "learning_rate": 0.05,
  "subsample": 0.8,
  "colsample_bytree": 0.8,
  "min_child_weight": 1.0,
  "reg_lambda": 1.0,
  "seed": 42,
  "auc": 0.7429335172599421,
  "auc_published": 0.7429335172599421,
  "logloss": 0.5883039236068726
 },
 "depth_lr": {
  "depths": [
   2,
   3,
   4,
   6,
   8,
   10,
   12
  ],
  "lrs": [
   0.01,
   0.02,
   0.05,
   0.1,
   0.2,
   0.3
  ],
  "auc": [
   [
    0.6579382275755332,
    0.6772047641477694,
    0.6922781104905457,
    0.6999602987685889,
    0.717530112374672,
    0.7209232218558643
   ],
   [
    0.6809037076912725,
    0.6952873292510598,
    0.7073464100666174,
    0.7229072740730771,
    0.7324557566785547,
    0.733283762869255
   ],
   [
    0.6958754457977256,
    0.7062892806675191,
    0.7227824507099119,
    0.7347591010026243,
    0.7365819931363973,
    0.7350548415315254
   ],
   [
    0.7179234237265325,
    0.729093937150932,
    0.7429335172599421,
    0.7441285916156382,
    0.737470896978669,
    0.7312189623847654
   ],
   [
    0.7356971267074894,
    0.7456729022273064,
    0.7497802974227845,
    0.7445215665163851,
    0.7359757082295942,
    0.7264346275486172
   ],
   [
    0.7475085795033981,
    0.7511200457573515,
    0.7490562546262027,
    0.7434893344996971,
    0.7266755265459929,
    0.7295400713276361
   ],
   [
    0.7534402126371038,
    0.751589058609784,
    0.7451695713612813,
    0.736656012381401,
    0.7334341565170581,
    0.7269342574523922
   ]
  ],
  "logloss": [
   [
    0.6443310379981995,
    0.6345057487487793,
    0.6222517490386963,
    0.6168169379234314,
    0.607658326625824,
    0.6063345074653625
   ],
   [
    0.6328072547912598,
    0.6223915219306946,
    0.6118633151054382,
    0.6029028296470642,
    0.6002961993217468,
    0.6072787642478943
   ],
   [
    0.6231445670127869,
    0.6137105822563171,
    0.601788341999054,
    0.5970128178596497,
    0.6092668175697327,
    0.6298081278800964
   ],
   [
    0.6075050234794617,
    0.5980379581451416,
    0.5883039236068726,
    0.6034789085388184,
    0.6530088186264038,
    0.7138429880142212
   ],
   [
    0.5941275954246521,
    0.5865350365638733,
    0.5903299450874329,
    0.6300034523010254,
    0.7180110812187195,
    0.8256686925888062
   ],
   [
    0.5841482877731323,
    0.5827134847640991,
    0.6065925359725952,
    0.6657581925392151,
    0.8116374611854553,
    0.9046110510826111
   ],
   [
    0.5792967677116394,
    0.5867518186569214,
    0.6317052245140076,
    0.723952054977417,
    0.861264169216156,
    0.9838998913764954
   ]
  ]
 },
 "depth_nest": {
  "depths": [
   2,
   3,
   4,
   6,
   8,
   10,
   12
  ],
  "nests": [
   50,
   100,
   200,
   500,
   1000,
   2000
  ],
  "auc": [
   [
    0.6393701635152413,
    0.6555928268622568,
    0.6755228450306171,
    0.6922781104905457,
    0.7042820133234641,
    0.717396204831438
   ],
   [
    0.6623928403203014,
    0.6763555615369088,
    0.6916287598411951,
    0.7073464100666174,
    0.7243715093196958,
    0.734243321445394
   ],
   [
    0.6816324608034452,
    0.6918299576071596,
    0.7041864612071866,
    0.7227824507099119,
    0.7390993203687504,
    0.744187134109414
   ],
   [
    0.7055534620819595,
    0.7148697934190162,
    0.7271731377430859,
    0.7429335172599421,
    0.7485128860776529,
    0.7437524392705741
   ],
   [
    0.7250999259807549,
    0.7340858623242041,
    0.7416136195410807,
    0.7497802974227845,
    0.7478665634883251,
    0.7396975304488258
   ],
   [
    0.7384597268016958,
    0.7457580243590606,
    0.7502664692820133,
    0.7490562546262027,
    0.7415459928672364,
    0.7348021667451718
   ],
   [
    0.7447554000403741,
    0.7488264585155777,
    0.7493156584348295,
    0.7451695713612813,
    0.7387130744902766,
    0.7329950878137408
   ]
  ],
  "logloss": [
   [
    0.654384970664978,
    0.645025908946991,
    0.6348801255226135,
    0.6222517490386963,
    0.6143624186515808,
    0.6063210368156433
   ],
   [
    0.6427766680717468,
    0.6341039538383484,
    0.6242092251777649,
    0.6118633151054382,
    0.6015554070472717,
    0.5971222519874573
   ],
   [
    0.6330764889717102,
    0.6251203417778015,
    0.6153162717819214,
    0.601788341999054,
    0.5925398468971252,
    0.5984938740730286
   ],
   [
    0.6185513138771057,
    0.609099805355072,
    0.5991296768188477,
    0.5883039236068726,
    0.59603351354599,
    0.6344321370124817
   ],
   [
    0.6053752303123474,
    0.5957565903663635,
    0.588296115398407,
    0.5903299450874329,
    0.6207126379013062,
    0.6955806612968445
   ],
   [
    0.594694197177887,
    0.5854341983795166,
    0.5833266377449036,
    0.6065925359725952,
    0.6697873473167419,
    0.7737818956375122
   ],
   [
    0.5876816511154175,
    0.5822585821151733,
    0.5887890458106995,
    0.6317052245140076,
    0.7141847610473633,
    0.8383707404136658
   ]
  ]
 },
 "elapsed_s": 75.7
}